,ksi_1,ksi_2,ksi_3,ksi_4,ksi_5,ksi_6,ksi_7,ksi_8,eta,rho,H
20100204,0.06926666777308133,0.010003353474475646,0.2099971571013901,0.010003546019510826,0.20999924600767605,0.20999847819392656,0.01000493726588951,0.010003393093185334,1.6557227456290113,-0.8766429463679741,0.06441301940742558
20130814,0.02330756909117887,0.2099921189465271,0.010001281360866504,0.010003546019510826,0.010005191658599422,0.010008875424624156,0.16175470405762143,0.010003393093185334,2.3109353417089973,-0.6765501133220506,0.09940973773361347
20170519,0.018272941986039626,0.010003353474475646,0.010001281360866504,0.010003546019510826,0.20999924600767605,0.20999847819392656,0.20999315282018535,0.010003393093185334,2.8301715705296595,-0.949920726124452,0.07799181346317101
20171211,0.014263935652353121,0.2092410799264876,0.010001281360866504,0.010003546019510826,0.20999924600767605,0.20999847819392656,0.20999315282018535,0.010003393093185334,2.83734991301018,-0.871426356195685,0.084347943589071
20171212,0.015704271203717174,0.2099921189465271,0.010001281360866504,0.010003546019510826,0.010005191658599422,0.010008875424624156,0.01000493726588951,0.010003393093185334,2.790309802252608,-0.8759410804494423,0.0823589611024041
20171213,0.014774348875450913,0.010003353474475646,0.010001281360866504,0.010003546019510826,0.20999924600767605,0.20999847819392656,0.20999315282018535,0.010003393093185334,2.816159894769388,-0.9035104394164307,0.07880150184802125
20171214,0.015419240252914301,0.010003353474475646,0.010001281360866504,0.010003546019510826,0.20999924600767605,0.20999847819392656,0.20999315282018535,0.010003393093185334,2.8936959147766403,-0.949920726124452,0.07803536443506853
20171215,0.012628576661982069,0.010003353474475646,0.010001281360866504,0.010003546019510826,0.20999924600767605,0.20999847819392656,0.20999315282018535,0.20999346149546805,2.927089685657893,-0.949920726124452,0.07855034825543587
